application_id,job_id,candidate_id,application_date
APP-0001,JOB-0001,CAND-0106,2026-06-07
APP-0002,JOB-0001,CAND-0169,2026-07-22
APP-0003,JOB-0001,CAND-0028,2026-06-02
APP-0004,JOB-0001,CAND-0168,2026-08-12
APP-0005,JOB-0001,CAND-0055,2026-08-17
APP-0006,JOB-0001,CAND-0046,2026-06-30
APP-0007,JOB-0001,CAND-0077,2026-06-10
APP-0008,JOB-0001,CAND-0026,2026-07-15
APP-0009,JOB-0002,CAND-0163,2026-07-10
APP-0010,JOB-0002,CAND-0084,2026-07-25
APP-0011,JOB-0002,CAND-0147,2026-08-11
APP-0012,JOB-0002,CAND-0111,2026-06-23
APP-0013,JOB-0002,CAND-0075,2026-08-07
APP-0014,JOB-0002,CAND-0213,2026-06-14
APP-0015,JOB-0002,CAND-0203,2026-07-24
APP-0016,JOB-0002,CAND-0140,2026-06-10
APP-0017,JOB-0003,CAND-0204,2026-07-16
APP-0018,JOB-0003,CAND-0115,2026-07-12
APP-0019,JOB-0003,CAND-0213,2026-08-18
APP-0020,JOB-0003,CAND-0090,2026-07-19
APP-0021,JOB-0003,CAND-0060,2026-08-09
APP-0022,JOB-0003,CAND-0072,2026-08-06
APP-0023,JOB-0003,CAND-0159,2026-06-22
APP-0024,JOB-0003,CAND-0105,2026-08-01
APP-0025,JOB-0003,CAND-0075,2026-06-21
APP-0026,JOB-0003,CAND-0141,2026-07-21
APP-0027,JOB-0003,CAND-0139,2026-08-10
APP-0028,JOB-0003,CAND-0031,2026-08-07
APP-0029,JOB-0003,CAND-0043,2026-07-28
APP-0030,JOB-0004,CAND-0035,2026-07-18
APP-0031,JOB-0004,CAND-0132,2026-07-01
APP-0032,JOB-0004,CAND-0188,2026-07-24
APP-0033,JOB-0004,CAND-0127,2026-06-30
APP-0034,JOB-0004,CAND-0012,2026-06-08
APP-0035,JOB-0004,CAND-0014,2026-07-16
APP-0036,JOB-0004,CAND-0003,2026-05-28
APP-0037,JOB-0004,CAND-0113,2026-07-10
APP-0038,JOB-0004,CAND-0203,2026-06-13
APP-0039,JOB-0005,CAND-0099,2026-07-09
APP-0040,JOB-0005,CAND-0100,2026-08-07
APP-0041,JOB-0005,CAND-0109,2026-08-15
APP-0042,JOB-0005,CAND-0004,2026-08-16
APP-0043,JOB-0005,CAND-0198,2026-07-03
APP-0044,JOB-0005,CAND-0041,2026-07-18
APP-0045,JOB-0005,CAND-0012,2026-08-01
APP-0046,JOB-0005,CAND-0058,2026-07-22
APP-0047,JOB-0005,CAND-0018,2026-07-31
APP-0048,JOB-0005,CAND-0149,2026-07-08
APP-0049,JOB-0005,CAND-0180,2026-08-18
APP-0050,JOB-0005,CAND-0040,2026-07-08
APP-0051,JOB-0005,CAND-0116,2026-07-21
APP-0052,JOB-0005,CAND-0056,2026-07-22
APP-0053,JOB-0005,CAND-0004,2026-07-05
APP-0054,JOB-0006,CAND-0114,2026-07-17
APP-0055,JOB-0006,CAND-0072,2026-08-06
APP-0056,JOB-0006,CAND-0201,2026-07-31
APP-0057,JOB-0006,CAND-0041,2026-07-15
APP-0058,JOB-0006,CAND-0046,2026-07-24
APP-0059,JOB-0006,CAND-0139,2026-07-28
APP-0060,JOB-0006,CAND-0184,2026-07-20
APP-0061,JOB-0006,CAND-0217,2026-08-11
APP-0062,JOB-0006,CAND-0178,2026-08-17
APP-0063,JOB-0006,CAND-0033,2026-07-20
APP-0064,JOB-0006,CAND-0047,2026-08-16
APP-0065,JOB-0006,CAND-0211,2026-08-18
APP-0066,JOB-0006,CAND-0006,2026-07-29
APP-0067,JOB-0006,CAND-0181,2026-07-10
APP-0068,JOB-0006,CAND-0170,2026-07-27
APP-0069,JOB-0006,CAND-0040,2026-07-12
APP-0070,JOB-0006,CAND-0052,2026-07-15
APP-0071,JOB-0006,CAND-0115,2026-07-11
APP-0072,JOB-0007,CAND-0194,2026-08-11
APP-0073,JOB-0007,CAND-0029,2026-08-09
APP-0074,JOB-0007,CAND-0068,2026-08-07
APP-0075,JOB-0007,CAND-0080,2026-07-31
APP-0076,JOB-0007,CAND-0199,2026-08-03
APP-0077,JOB-0007,CAND-0045,2026-07-26
APP-0078,JOB-0007,CAND-0003,2026-08-13
APP-0079,JOB-0007,CAND-0150,2026-07-20
APP-0080,JOB-0007,CAND-0049,2026-07-23
APP-0081,JOB-0008,CAND-0082,2026-07-24
APP-0082,JOB-0008,CAND-0130,2026-08-04
APP-0083,JOB-0008,CAND-0175,2026-08-06
APP-0084,JOB-0008,CAND-0202,2026-08-06
APP-0085,JOB-0008,CAND-0037,2026-08-05
APP-0086,JOB-0008,CAND-0002,2026-07-18
APP-0087,JOB-0008,CAND-0167,2026-07-18
APP-0088,JOB-0008,CAND-0073,2026-07-23
APP-0089,JOB-0008,CAND-0085,2026-07-31
APP-0090,JOB-0008,CAND-0219,2026-08-03
APP-0091,JOB-0008,CAND-0003,2026-07-24
APP-0092,JOB-0008,CAND-0188,2026-07-21
APP-0093,JOB-0008,CAND-0214,2026-08-09
APP-0094,JOB-0008,CAND-0176,2026-07-24
APP-0095,JOB-0008,CAND-0003,2026-07-26
APP-0096,JOB-0008,CAND-0085,2026-08-02
APP-0097,JOB-0008,CAND-0212,2026-07-21
APP-0098,JOB-0008,CAND-0141,2026-08-18
APP-0099,JOB-0009,CAND-0169,2026-08-16
APP-0100,JOB-0009,CAND-0188,2026-06-29
APP-0101,JOB-0009,CAND-0156,2026-07-14
APP-0102,JOB-0009,CAND-0183,2026-07-10
APP-0103,JOB-0009,CAND-0150,2026-08-05
APP-0104,JOB-0009,CAND-0038,2026-06-20
APP-0105,JOB-0009,CAND-0178,2026-06-19
APP-0106,JOB-0009,CAND-0004,2026-07-15
APP-0107,JOB-0009,CAND-0040,2026-07-24
APP-0108,JOB-0009,CAND-0144,2026-06-14
APP-0109,JOB-0009,CAND-0066,2026-07-19
APP-0110,JOB-0009,CAND-0166,2026-06-22
APP-0111,JOB-0009,CAND-0165,2026-06-21
APP-0112,JOB-0009,CAND-0098,2026-08-02
APP-0113,JOB-0009,CAND-0003,2026-07-01
APP-0114,JOB-0010,CAND-0054,2026-08-15
APP-0115,JOB-0010,CAND-0166,2026-08-03
APP-0116,JOB-0010,CAND-0178,2026-08-05
APP-0117,JOB-0010,CAND-0125,2026-08-03
APP-0118,JOB-0010,CAND-0209,2026-08-05
APP-0119,JOB-0010,CAND-0168,2026-08-17
APP-0120,JOB-0010,CAND-0189,2026-08-14
APP-0121,JOB-0010,CAND-0027,2026-08-13
APP-0122,JOB-0010,CAND-0097,2026-08-09
APP-0123,JOB-0010,CAND-0020,2026-07-31
APP-0124,JOB-0010,CAND-0154,2026-08-04
APP-0125,JOB-0010,CAND-0115,2026-08-06
APP-0126,JOB-0011,CAND-0169,2026-08-07
APP-0127,JOB-0011,CAND-0124,2026-08-12
APP-0128,JOB-0011,CAND-0066,2026-07-28
APP-0129,JOB-0011,CAND-0055,2026-08-07
APP-0130,JOB-0011,CAND-0183,2026-08-10
APP-0131,JOB-0011,CAND-0158,2026-07-27
APP-0132,JOB-0011,CAND-0071,2026-08-15
APP-0133,JOB-0011,CAND-0198,2026-07-29
APP-0134,JOB-0011,CAND-0205,2026-08-01
APP-0135,JOB-0011,CAND-0047,2026-08-14
APP-0136,JOB-0011,CAND-0218,2026-08-06
APP-0137,JOB-0011,CAND-0126,2026-07-27
APP-0138,JOB-0011,CAND-0147,2026-07-26
APP-0139,JOB-0011,CAND-0202,2026-08-06
APP-0140,JOB-0011,CAND-0056,2026-08-17
APP-0141,JOB-0011,CAND-0148,2026-08-09
APP-0142,JOB-0011,CAND-0147,2026-08-03
APP-0143,JOB-0012,CAND-0048,2026-07-26
APP-0144,JOB-0012,CAND-0007,2026-08-07
APP-0145,JOB-0012,CAND-0122,2026-08-09
APP-0146,JOB-0012,CAND-0204,2026-07-26
APP-0147,JOB-0012,CAND-0073,2026-08-15
APP-0148,JOB-0012,CAND-0083,2026-07-26
APP-0149,JOB-0012,CAND-0108,2026-08-04
APP-0150,JOB-0012,CAND-0015,2026-08-03
APP-0151,JOB-0012,CAND-0100,2026-08-16
APP-0152,JOB-0012,CAND-0029,2026-08-02
APP-0153,JOB-0013,CAND-0198,2026-06-29
APP-0154,JOB-0013,CAND-0016,2026-07-16
APP-0155,JOB-0013,CAND-0139,2026-08-07
APP-0156,JOB-0013,CAND-0199,2026-08-02
APP-0157,JOB-0013,CAND-0025,2026-07-27
APP-0158,JOB-0013,CAND-0054,2026-08-04
APP-0159,JOB-0013,CAND-0091,2026-07-14
APP-0160,JOB-0013,CAND-0198,2026-08-15
APP-0161,JOB-0013,CAND-0025,2026-06-26
APP-0162,JOB-0013,CAND-0060,2026-07-10
APP-0163,JOB-0013,CAND-0153,2026-08-04
APP-0164,JOB-0013,CAND-0014,2026-07-13
APP-0165,JOB-0013,CAND-0141,2026-07-19
APP-0166,JOB-0014,CAND-0144,2026-07-18
APP-0167,JOB-0014,CAND-0079,2026-08-03
APP-0168,JOB-0014,CAND-0097,2026-08-12
APP-0169,JOB-0014,CAND-0028,2026-07-07
APP-0170,JOB-0014,CAND-0080,2026-08-13
APP-0171,JOB-0014,CAND-0036,2026-07-25
APP-0172,JOB-0014,CAND-0168,2026-08-11
APP-0173,JOB-0014,CAND-0106,2026-07-25
APP-0174,JOB-0014,CAND-0156,2026-08-11
APP-0175,JOB-0014,CAND-0035,2026-08-07
APP-0176,JOB-0014,CAND-0104,2026-07-08
APP-0177,JOB-0014,CAND-0134,2026-07-12
APP-0178,JOB-0014,CAND-0075,2026-08-03
APP-0179,JOB-0014,CAND-0177,2026-08-08
APP-0180,JOB-0014,CAND-0097,2026-08-10
APP-0181,JOB-0015,CAND-0038,2026-08-03
APP-0182,JOB-0015,CAND-0173,2026-08-07
APP-0183,JOB-0015,CAND-0110,2026-08-17
APP-0184,JOB-0015,CAND-0182,2026-08-07
APP-0185,JOB-0015,CAND-0205,2026-08-17
APP-0186,JOB-0015,CAND-0003,2026-08-18
APP-0187,JOB-0015,CAND-0122,2026-07-30
APP-0188,JOB-0015,CAND-0216,2026-07-29
APP-0189,JOB-0015,CAND-0106,2026-07-31
APP-0190,JOB-0015,CAND-0114,2026-08-14
APP-0191,JOB-0016,CAND-0037,2026-08-04
APP-0192,JOB-0016,CAND-0086,2026-08-15
APP-0193,JOB-0016,CAND-0164,2026-08-07
APP-0194,JOB-0016,CAND-0013,2026-08-05
APP-0195,JOB-0016,CAND-0121,2026-08-08
APP-0196,JOB-0016,CAND-0103,2026-08-14
APP-0197,JOB-0016,CAND-0104,2026-08-03
APP-0198,JOB-0016,CAND-0217,2026-08-05
APP-0199,JOB-0016,CAND-0161,2026-08-11
APP-0200,JOB-0016,CAND-0216,2026-08-14
APP-0201,JOB-0016,CAND-0036,2026-08-14
APP-0202,JOB-0016,CAND-0091,2026-08-08
APP-0203,JOB-0016,CAND-0176,2026-08-18
APP-0204,JOB-0017,CAND-0043,2026-07-20
APP-0205,JOB-0017,CAND-0074,2026-08-03
APP-0206,JOB-0017,CAND-0169,2026-08-02
APP-0207,JOB-0017,CAND-0081,2026-08-18
APP-0208,JOB-0017,CAND-0086,2026-07-27
APP-0209,JOB-0017,CAND-0081,2026-08-05
APP-0210,JOB-0017,CAND-0176,2026-08-02
APP-0211,JOB-0017,CAND-0097,2026-08-09
APP-0212,JOB-0017,CAND-0046,2026-08-08
APP-0213,JOB-0017,CAND-0005,2026-08-16
APP-0214,JOB-0017,CAND-0086,2026-08-09
APP-0215,JOB-0017,CAND-0137,2026-08-15
APP-0216,JOB-0018,CAND-0050,2026-07-13
APP-0217,JOB-0018,CAND-0128,2026-08-15
APP-0218,JOB-0018,CAND-0104,2026-07-19
APP-0219,JOB-0018,CAND-0190,2026-08-18
APP-0220,JOB-0018,CAND-0157,2026-07-22
APP-0221,JOB-0018,CAND-0206,2026-07-24
APP-0222,JOB-0018,CAND-0017,2026-07-19
APP-0223,JOB-0018,CAND-0053,2026-07-21
APP-0224,JOB-0019,CAND-0108,2026-07-24
APP-0225,JOB-0019,CAND-0195,2026-08-10
APP-0226,JOB-0019,CAND-0125,2026-07-25
APP-0227,JOB-0019,CAND-0044,2026-08-17
APP-0228,JOB-0019,CAND-0118,2026-08-11
APP-0229,JOB-0019,CAND-0203,2026-08-04
APP-0230,JOB-0019,CAND-0202,2026-08-14
APP-0231,JOB-0019,CAND-0144,2026-08-15
APP-0232,JOB-0019,CAND-0159,2026-08-04
APP-0233,JOB-0019,CAND-0076,2026-08-06
APP-0234,JOB-0019,CAND-0106,2026-08-11
APP-0235,JOB-0019,CAND-0078,2026-08-11
APP-0236,JOB-0019,CAND-0198,2026-07-25
APP-0237,JOB-0020,CAND-0074,2026-08-07
APP-0238,JOB-0020,CAND-0087,2026-08-16
APP-0239,JOB-0020,CAND-0150,2026-08-13
APP-0240,JOB-0020,CAND-0132,2026-08-11
APP-0241,JOB-0020,CAND-0102,2026-08-07
APP-0242,JOB-0020,CAND-0143,2026-08-12
APP-0243,JOB-0020,CAND-0046,2026-08-12
APP-0244,JOB-0020,CAND-0178,2026-08-18
APP-0245,JOB-0020,CAND-0013,2026-08-09
APP-0246,JOB-0020,CAND-0107,2026-08-12
APP-0247,JOB-0020,CAND-0045,2026-08-16
APP-0248,JOB-0020,CAND-0155,2026-08-08
APP-0249,JOB-0020,CAND-0055,2026-08-13
APP-0250,JOB-0020,CAND-0031,2026-08-07
APP-0251,JOB-0020,CAND-0017,2026-08-10
APP-0252,JOB-0020,CAND-0160,2026-08-14
APP-0253,JOB-0021,CAND-0076,2026-08-18
APP-0254,JOB-0021,CAND-0116,2026-08-13
APP-0255,JOB-0021,CAND-0169,2026-08-16
APP-0256,JOB-0021,CAND-0025,2026-08-14
APP-0257,JOB-0021,CAND-0147,2026-08-09
APP-0258,JOB-0021,CAND-0206,2026-08-11
APP-0259,JOB-0021,CAND-0018,2026-08-17
APP-0260,JOB-0021,CAND-0145,2026-08-18
APP-0261,JOB-0021,CAND-0163,2026-08-11
APP-0262,JOB-0021,CAND-0041,2026-08-12
APP-0263,JOB-0021,CAND-0024,2026-08-11
APP-0264,JOB-0022,CAND-0216,2026-05-01
APP-0265,JOB-0022,CAND-0208,2026-05-10
APP-0266,JOB-0022,CAND-0054,2026-05-15
APP-0267,JOB-0022,CAND-0212,2026-05-15
APP-0268,JOB-0022,CAND-0117,2026-04-28
APP-0269,JOB-0023,CAND-0116,2026-06-04
APP-0270,JOB-0023,CAND-0051,2026-05-10
APP-0271,JOB-0023,CAND-0006,2026-05-06
APP-0272,JOB-0023,CAND-0074,2026-06-21
APP-0273,JOB-0023,CAND-0187,2026-06-17
APP-0274,JOB-0023,CAND-0022,2026-05-05
APP-0275,JOB-0023,CAND-0002,2026-05-21
APP-0276,JOB-0023,CAND-0157,2026-06-27
APP-0277,JOB-0023,CAND-0014,2026-05-17
APP-0278,JOB-0023,CAND-0092,2026-06-19
APP-0279,JOB-0024,CAND-0007,2026-05-01
APP-0280,JOB-0024,CAND-0215,2026-05-06
APP-0281,JOB-0024,CAND-0161,2026-04-29
APP-0282,JOB-0024,CAND-0084,2026-06-06
APP-0283,JOB-0024,CAND-0141,2026-06-11
APP-0284,JOB-0024,CAND-0023,2026-03-28
APP-0285,JOB-0024,CAND-0077,2026-04-26
APP-0286,JOB-0024,CAND-0030,2026-06-18
APP-0287,JOB-0024,CAND-0088,2026-04-18
APP-0288,JOB-0024,CAND-0178,2026-05-16
APP-0289,JOB-0025,CAND-0206,2026-06-03
APP-0290,JOB-0025,CAND-0220,2026-05-16
APP-0291,JOB-0025,CAND-0023,2026-06-03
APP-0292,JOB-0025,CAND-0125,2026-06-14
APP-0293,JOB-0025,CAND-0010,2026-06-15
APP-0294,JOB-0025,CAND-0060,2026-06-29
APP-0295,JOB-0025,CAND-0179,2026-06-11
APP-0296,JOB-0025,CAND-0034,2026-06-02
APP-0297,JOB-0025,CAND-0205,2026-07-08
APP-0298,JOB-0025,CAND-0045,2026-05-27
APP-0299,JOB-0025,CAND-0061,2026-05-28
APP-0300,JOB-0026,CAND-0219,2026-06-19
APP-0301,JOB-0026,CAND-0216,2026-04-29
APP-0302,JOB-0026,CAND-0130,2026-04-28
APP-0303,JOB-0026,CAND-0182,2026-06-10
APP-0304,JOB-0026,CAND-0088,2026-05-21
APP-0305,JOB-0026,CAND-0162,2026-05-16
APP-0306,JOB-0026,CAND-0105,2026-06-12
APP-0307,JOB-0027,CAND-0087,2026-06-09
APP-0308,JOB-0027,CAND-0148,2026-05-23
APP-0309,JOB-0027,CAND-0199,2026-06-01
APP-0310,JOB-0027,CAND-0134,2026-06-23
APP-0311,JOB-0027,CAND-0214,2026-07-08
APP-0312,JOB-0027,CAND-0067,2026-06-29
APP-0313,JOB-0028,CAND-0147,2026-04-05
APP-0314,JOB-0028,CAND-0021,2026-04-16
APP-0315,JOB-0028,CAND-0188,2026-05-28
APP-0316,JOB-0028,CAND-0178,2026-05-02
APP-0317,JOB-0028,CAND-0155,2026-05-27
APP-0318,JOB-0028,CAND-0145,2026-06-01
APP-0319,JOB-0028,CAND-0144,2026-04-20
APP-0320,JOB-0028,CAND-0022,2026-05-16
APP-0321,JOB-0028,CAND-0074,2026-04-23
APP-0322,JOB-0029,CAND-0052,2026-04-15
APP-0323,JOB-0029,CAND-0069,2026-03-23
APP-0324,JOB-0029,CAND-0078,2026-05-27
APP-0325,JOB-0029,CAND-0011,2026-03-16
APP-0326,JOB-0029,CAND-0077,2026-03-27
APP-0327,JOB-0030,CAND-0054,2026-06-18
APP-0328,JOB-0030,CAND-0138,2026-05-11
APP-0329,JOB-0030,CAND-0100,2026-05-21
APP-0330,JOB-0030,CAND-0002,2026-05-22
APP-0331,JOB-0030,CAND-0067,2026-06-15
APP-0332,JOB-0030,CAND-0051,2026-05-20
APP-0333,JOB-0030,CAND-0064,2026-05-16
APP-0334,JOB-0030,CAND-0022,2026-05-13
APP-0335,JOB-0030,CAND-0133,2026-05-31
APP-0336,JOB-0030,CAND-0150,2026-07-05
APP-0337,JOB-0030,CAND-0095,2026-05-10
