feedback_id,application_id,stage_id,interviewer_id,date_of_interview,decision,decision_reason
FB-00001,APP-0001,STG-0026,IV-009,2026-06-07,No,Failed coding bar
FB-00002,APP-0002,STG-0026,IV-001,2026-07-24,Yes,
FB-00003,APP-0002,STG-0027,IV-001,2026-07-26,No,Too junior for role level
FB-00004,APP-0003,STG-0026,IV-009,2026-06-02,Yes,
FB-00005,APP-0003,STG-0027,IV-008,2026-06-04,No,Not good team fit
FB-00006,APP-0004,STG-0026,IV-001,2026-08-12,Yes,
FB-00007,APP-0004,STG-0027,IV-001,2026-08-12,Yes,
FB-00008,APP-0004,STG-0028,IV-005,2026-08-14,No,Insufficient years of experience
FB-00009,APP-0005,STG-0026,IV-001,2026-08-18,No,Missing required skill
FB-00010,APP-0006,STG-0026,IV-001,2026-06-30,No,Not good team fit
FB-00011,APP-0007,STG-0026,IV-007,2026-06-12,Yes,
FB-00012,APP-0007,STG-0027,IV-007,2026-06-13,No,Missing required skill
FB-00013,APP-0008,STG-0026,IV-003,2026-07-15,No,Commute concerns
FB-00014,APP-0009,STG-0061,IV-001,2026-07-11,Yes,
FB-00015,APP-0009,STG-0062,IV-013,2026-07-12,Yes,
FB-00016,APP-0009,STG-0063,IV-001,2026-07-13,Yes,
FB-00017,APP-0009,STG-0064,IV-009,2026-07-18,Yes,
FB-00018,APP-0009,STG-0065,IV-001,2026-07-20,Yes,
FB-00019,APP-0009,STG-0066,IV-001,2026-07-20,Yes,
FB-00020,APP-0009,STG-0067,IV-001,2026-07-20,Yes,
FB-00021,APP-0010,STG-0061,IV-011,2026-07-26,No,Insufficient years of experience
FB-00022,APP-0011,STG-0061,IV-001,2026-08-12,Yes,
FB-00023,APP-0011,STG-0062,IV-001,2026-08-12,Yes,
FB-00024,APP-0011,STG-0063,IV-001,2026-08-12,Yes,
FB-00025,APP-0011,STG-0064,IV-001,2026-08-16,Yes,
FB-00026,APP-0011,STG-0065,IV-010,2026-09-05,Yes,
FB-00027,APP-0012,STG-0061,IV-001,2026-06-25,No,Commute concerns
FB-00028,APP-0013,STG-0061,IV-001,2026-08-07,Yes,
FB-00029,APP-0013,STG-0062,IV-001,2026-08-07,Yes,
FB-00030,APP-0013,STG-0063,IV-008,2026-08-11,No,Location mismatch
FB-00031,APP-0014,STG-0061,IV-013,2026-06-15,No,Salary expectations misaligned
FB-00032,APP-0015,STG-0061,IV-011,2026-07-26,No,Salary expectations misaligned
FB-00033,APP-0016,STG-0061,IV-013,2026-06-11,Yes,
FB-00034,APP-0016,STG-0062,IV-008,2026-06-12,No,Salary expectations misaligned
FB-00035,APP-0017,STG-0017,IV-001,2026-07-16,No,Insufficient years of experience
FB-00036,APP-0018,STG-0017,IV-004,2026-07-13,Yes,
FB-00037,APP-0018,STG-0018,IV-001,2026-07-13,No,Not good team fit
FB-00038,APP-0019,STG-0017,IV-001,2026-08-20,No,Failed coding bar
FB-00039,APP-0020,STG-0017,IV-004,2026-07-19,Yes,
FB-00040,APP-0020,STG-0018,IV-001,2026-07-19,Yes,
FB-00041,APP-0020,STG-0019,IV-002,2026-07-24,No,LinkedIn profile overstated distributed systems experience
FB-00042,APP-0021,STG-0017,IV-001,2026-08-10,Yes,
FB-00043,APP-0021,STG-0018,IV-009,2026-08-10,No,Insufficient years of experience
FB-00044,APP-0022,STG-0017,IV-007,2026-08-08,Yes,
FB-00045,APP-0022,STG-0018,IV-001,2026-08-10,Yes,
FB-00046,APP-0022,STG-0019,IV-005,2026-08-13,Yes,
FB-00047,APP-0022,STG-0020,IV-001,2026-08-13,Yes,
FB-00048,APP-0022,STG-0021,IV-005,2026-08-17,Yes,
FB-00049,APP-0022,STG-0022,IV-001,2026-08-17,Yes,
FB-00050,APP-0022,STG-0023,IV-002,2026-08-19,Yes,
FB-00051,APP-0022,STG-0024,IV-002,2026-08-29,No,Declined - total comp below market for Staff level
FB-00052,APP-0023,STG-0017,IV-009,2026-06-23,No,Failed coding bar
FB-00053,APP-0024,STG-0017,IV-004,2026-08-02,No,Insufficient years of experience
FB-00054,APP-0025,STG-0017,IV-009,2026-06-22,No,Failed coding bar
FB-00055,APP-0026,STG-0017,IV-001,2026-07-21,No,Commute concerns
FB-00056,APP-0027,STG-0017,IV-007,2026-08-10,Yes,
FB-00057,APP-0027,STG-0018,IV-009,2026-08-11,No,Failed coding bar
FB-00058,APP-0028,STG-0017,IV-002,2026-08-07,No,Salary expectations misaligned
FB-00059,APP-0029,STG-0017,IV-001,2026-07-28,Yes,
FB-00060,APP-0029,STG-0018,IV-001,2026-07-30,Yes,
FB-00061,APP-0029,STG-0019,IV-001,2026-08-04,No,Could not demonstrate claimed backend expertise
FB-00062,APP-0030,STG-0121,IV-008,2026-07-19,Yes,
FB-00063,APP-0030,STG-0122,IV-001,2026-07-22,Yes,
FB-00064,APP-0030,STG-0123,IV-001,2026-07-25,No,Salary expectations misaligned
FB-00065,APP-0031,STG-0121,IV-018,2026-07-02,No,Not good team fit
FB-00066,APP-0032,STG-0121,IV-017,2026-07-26,No,Insufficient years of experience
FB-00067,APP-0033,STG-0121,IV-009,2026-07-01,No,Missing required skill
FB-00068,APP-0034,STG-0121,IV-001,2026-06-09,Yes,
FB-00069,APP-0034,STG-0122,IV-001,2026-06-09,Yes,
FB-00070,APP-0034,STG-0123,IV-001,2026-06-14,Yes,
FB-00071,APP-0034,STG-0124,IV-001,2026-06-19,No,Too junior for role level
FB-00072,APP-0035,STG-0121,IV-001,2026-07-18,Yes,
FB-00073,APP-0035,STG-0122,IV-001,2026-07-19,No,Failed coding bar
FB-00074,APP-0036,STG-0121,IV-018,2026-05-28,Yes,
FB-00075,APP-0036,STG-0122,IV-001,2026-05-28,Yes,
FB-00076,APP-0036,STG-0123,IV-001,2026-05-29,No,Too junior for role level
FB-00077,APP-0037,STG-0121,IV-016,2026-07-12,Yes,
FB-00078,APP-0037,STG-0122,IV-016,2026-07-12,No,Commute concerns
FB-00079,APP-0038,STG-0121,IV-001,2026-06-15,Yes,
FB-00080,APP-0038,STG-0122,IV-015,2026-06-17,Yes,
FB-00081,APP-0038,STG-0123,IV-008,2026-06-21,No,Insufficient years of experience
FB-00082,APP-0039,STG-0078,IV-008,2026-07-09,No,Too junior for role level
FB-00083,APP-0040,STG-0078,IV-009,2026-08-08,Yes,
FB-00084,APP-0040,STG-0079,IV-001,2026-08-08,Yes,
FB-00085,APP-0040,STG-0080,IV-001,2026-08-08,No,Salary expectations misaligned
FB-00086,APP-0041,STG-0078,IV-008,2026-08-16,Yes,
FB-00087,APP-0041,STG-0079,IV-012,2026-08-16,Yes,
FB-00088,APP-0041,STG-0080,IV-013,2026-08-20,Yes,
FB-00089,APP-0041,STG-0081,IV-008,2026-08-23,Yes,
FB-00090,APP-0041,STG-0082,IV-012,2026-08-30,No,Missing system design skills for frontend architecture
FB-00091,APP-0042,STG-0078,IV-001,2026-08-16,Yes,
FB-00092,APP-0042,STG-0079,IV-001,2026-08-18,No,Not good team fit
FB-00093,APP-0043,STG-0078,IV-001,2026-07-04,Yes,
FB-00094,APP-0043,STG-0079,IV-011,2026-07-04,No,Commute concerns
FB-00095,APP-0044,STG-0078,IV-008,2026-07-18,No,Insufficient years of experience
FB-00096,APP-0045,STG-0078,IV-008,2026-08-02,No,Salary expectations misaligned
FB-00097,APP-0046,STG-0078,IV-011,2026-07-22,Yes,
FB-00098,APP-0046,STG-0079,IV-008,2026-07-22,No,Salary expectations misaligned
FB-00099,APP-0047,STG-0078,IV-014,2026-08-01,Yes,
FB-00100,APP-0047,STG-0079,IV-010,2026-08-02,Yes,
FB-00101,APP-0047,STG-0080,IV-011,2026-08-06,Yes,
FB-00102,APP-0047,STG-0081,IV-001,2026-08-07,Yes,
FB-00103,APP-0047,STG-0082,IV-013,2026-08-12,Yes,
FB-00104,APP-0047,STG-0083,IV-011,2026-08-17,Yes,
FB-00105,APP-0047,STG-0084,IV-008,2026-08-17,Yes,
FB-00106,APP-0047,STG-0085,IV-014,2026-08-20,No,Declined - competing offer 18% higher base salary
FB-00107,APP-0048,STG-0078,IV-009,2026-07-10,Yes,
FB-00108,APP-0048,STG-0079,IV-001,2026-07-11,No,Salary expectations misaligned
FB-00109,APP-0049,STG-0078,IV-008,2026-08-19,No,Not good team fit
FB-00110,APP-0050,STG-0078,IV-011,2026-07-08,No,Insufficient years of experience
FB-00111,APP-0051,STG-0078,IV-009,2026-07-22,No,Missing required skill
FB-00112,APP-0052,STG-0078,IV-008,2026-07-22,Yes,
FB-00113,APP-0052,STG-0079,IV-009,2026-07-24,Yes,
FB-00114,APP-0052,STG-0080,IV-001,2026-07-28,No,Not good team fit
FB-00115,APP-0053,STG-0078,IV-001,2026-07-05,Yes,
FB-00116,APP-0053,STG-0079,IV-012,2026-07-05,No,Insufficient years of experience
FB-00117,APP-0054,STG-0001,IV-007,2026-07-17,Yes,
FB-00118,APP-0054,STG-0002,IV-001,2026-07-18,Yes,
FB-00119,APP-0054,STG-0003,IV-001,2026-07-21,No,Location mismatch
FB-00120,APP-0055,STG-0001,IV-001,2026-08-06,Yes,
FB-00121,APP-0055,STG-0002,IV-001,2026-08-09,Yes,
FB-00122,APP-0055,STG-0003,IV-007,2026-08-14,No,Salary expectations misaligned
FB-00123,APP-0056,STG-0001,IV-005,2026-08-01,Yes,
FB-00124,APP-0056,STG-0002,IV-001,2026-08-03,Yes,
FB-00125,APP-0056,STG-0003,IV-001,2026-08-05,No,Insufficient years of experience
FB-00126,APP-0057,STG-0001,IV-001,2026-07-15,Yes,
FB-00127,APP-0057,STG-0002,IV-009,2026-07-15,No,Too junior for role level
FB-00128,APP-0058,STG-0001,IV-003,2026-07-26,Yes,
FB-00129,APP-0058,STG-0002,IV-005,2026-07-28,No,Failed coding bar
FB-00130,APP-0059,STG-0001,IV-001,2026-07-28,Yes,
FB-00131,APP-0059,STG-0002,IV-005,2026-07-28,No,Commute concerns
FB-00132,APP-0060,STG-0001,IV-001,2026-07-21,No,Not good team fit
FB-00133,APP-0061,STG-0001,IV-001,2026-08-12,Yes,
FB-00134,APP-0061,STG-0002,IV-001,2026-08-12,Yes,
FB-00135,APP-0061,STG-0003,IV-007,2026-08-15,No,Could not demonstrate claimed backend expertise
FB-00136,APP-0062,STG-0001,IV-002,2026-08-18,No,Location mismatch
FB-00137,APP-0063,STG-0001,IV-001,2026-07-22,No,Missing required skill
FB-00138,APP-0064,STG-0001,IV-008,2026-08-17,Yes,
FB-00139,APP-0064,STG-0002,IV-001,2026-08-17,No,Not good team fit
FB-00140,APP-0065,STG-0001,IV-001,2026-08-20,Yes,
FB-00141,APP-0065,STG-0002,IV-001,2026-08-20,Yes,
FB-00142,APP-0065,STG-0003,IV-004,2026-08-23,Yes,
FB-00143,APP-0065,STG-0004,IV-009,2026-08-26,Yes,
FB-00144,APP-0065,STG-0005,IV-001,2026-08-31,No,Location mismatch
FB-00145,APP-0066,STG-0001,IV-001,2026-07-30,Yes,
FB-00146,APP-0066,STG-0002,IV-005,2026-07-30,No,Failed coding bar
FB-00147,APP-0067,STG-0001,IV-001,2026-07-11,Yes,
FB-00148,APP-0067,STG-0002,IV-001,2026-07-11,No,Location mismatch
FB-00149,APP-0068,STG-0001,IV-001,2026-07-28,No,Failed coding bar
FB-00150,APP-0069,STG-0001,IV-001,2026-07-13,No,Failed coding bar
FB-00151,APP-0070,STG-0001,IV-001,2026-07-15,Yes,
FB-00152,APP-0070,STG-0002,IV-003,2026-07-15,Yes,
FB-00153,APP-0070,STG-0003,IV-001,2026-07-20,No,Resume inflation - skills not validated in tech screen
FB-00154,APP-0071,STG-0001,IV-009,2026-07-12,Yes,
FB-00155,APP-0071,STG-0002,IV-001,2026-07-12,Yes,
FB-00156,APP-0071,STG-0003,IV-001,2026-07-13,Yes,
FB-00157,APP-0071,STG-0004,IV-006,2026-07-17,Yes,
FB-00158,APP-0071,STG-0005,IV-004,2026-07-17,No,Too junior for role level
FB-00159,APP-0072,STG-0053,IV-009,2026-08-11,Yes,
FB-00160,APP-0072,STG-0054,IV-009,2026-08-14,Yes,
FB-00161,APP-0072,STG-0055,IV-001,2026-08-19,Yes,
FB-00162,APP-0072,STG-0056,IV-001,2026-08-21,No,Salary expectations misaligned
FB-00163,APP-0073,STG-0053,IV-009,2026-08-09,Yes,
FB-00164,APP-0073,STG-0054,IV-012,2026-08-09,No,Salary expectations misaligned
FB-00165,APP-0074,STG-0053,IV-011,2026-08-09,Yes,
FB-00166,APP-0074,STG-0054,IV-001,2026-08-12,Yes,
FB-00167,APP-0074,STG-0055,IV-009,2026-08-12,No,Location mismatch
FB-00168,APP-0075,STG-0053,IV-008,2026-08-01,No,Failed coding bar
FB-00169,APP-0076,STG-0053,IV-001,2026-08-04,Yes,
FB-00170,APP-0076,STG-0054,IV-001,2026-08-05,Yes,
FB-00171,APP-0076,STG-0055,IV-001,2026-08-07,Yes,
FB-00172,APP-0076,STG-0056,IV-001,2026-08-12,No,Missing required skill
FB-00173,APP-0077,STG-0053,IV-001,2026-07-26,Yes,
FB-00174,APP-0077,STG-0054,IV-001,2026-07-28,Yes,
FB-00175,APP-0077,STG-0055,IV-013,2026-07-31,Yes,
FB-00176,APP-0077,STG-0056,IV-009,2026-08-03,Yes,
FB-00177,APP-0077,STG-0057,IV-008,2026-08-05,Yes,
FB-00178,APP-0077,STG-0058,IV-014,2026-08-07,Yes,
FB-00179,APP-0077,STG-0059,IV-001,2026-08-11,No,Declined - accepted FAANG competing offer
FB-00180,APP-0078,STG-0053,IV-001,2026-08-13,Yes,
FB-00181,APP-0078,STG-0054,IV-013,2026-08-15,Yes,
FB-00182,APP-0078,STG-0055,IV-001,2026-08-17,No,Salary expectations misaligned
FB-00183,APP-0079,STG-0053,IV-012,2026-07-20,Yes,
FB-00184,APP-0079,STG-0054,IV-010,2026-07-22,Yes,
FB-00185,APP-0079,STG-0055,IV-001,2026-07-24,No,Location mismatch
FB-00186,APP-0080,STG-0053,IV-001,2026-07-25,No,Salary expectations misaligned
FB-00187,APP-0081,STG-0104,IV-015,2026-07-26,Yes,
FB-00188,APP-0081,STG-0105,IV-015,2026-07-29,Yes,
FB-00189,APP-0081,STG-0106,IV-016,2026-08-03,No,Commute concerns
FB-00190,APP-0082,STG-0104,IV-001,2026-08-04,No,Too junior for role level
FB-00191,APP-0083,STG-0104,IV-001,2026-08-08,No,Salary expectations misaligned
FB-00192,APP-0084,STG-0104,IV-017,2026-08-07,Yes,
FB-00193,APP-0084,STG-0105,IV-018,2026-08-07,Yes,
FB-00194,APP-0084,STG-0106,IV-001,2026-08-09,Yes,
FB-00195,APP-0084,STG-0107,IV-001,2026-08-10,No,Failed coding bar
FB-00196,APP-0085,STG-0104,IV-016,2026-08-07,Yes,
FB-00197,APP-0085,STG-0105,IV-008,2026-08-07,Yes,
FB-00198,APP-0085,STG-0106,IV-016,2026-08-07,No,Salary expectations misaligned
FB-00199,APP-0086,STG-0104,IV-016,2026-07-20,Yes,
FB-00200,APP-0086,STG-0105,IV-015,2026-07-21,Yes,
FB-00201,APP-0086,STG-0106,IV-001,2026-07-23,Yes,
FB-00202,APP-0086,STG-0107,IV-009,2026-07-24,Yes,
FB-00203,APP-0086,STG-0108,IV-001,2026-07-28,Yes,
FB-00204,APP-0086,STG-0109,IV-009,2026-07-29,Yes,
FB-00205,APP-0086,STG-0110,IV-016,2026-07-31,Yes,
FB-00206,APP-0087,STG-0104,IV-017,2026-07-19,Yes,
FB-00207,APP-0087,STG-0105,IV-001,2026-07-19,Yes,
FB-00208,APP-0087,STG-0106,IV-008,2026-07-19,Yes,
FB-00209,APP-0087,STG-0107,IV-017,2026-07-24,No,Not good team fit
FB-00210,APP-0088,STG-0104,IV-001,2026-07-23,Yes,
FB-00211,APP-0088,STG-0105,IV-008,2026-07-24,No,Failed coding bar
FB-00212,APP-0089,STG-0104,IV-015,2026-07-31,Yes,
FB-00213,APP-0089,STG-0105,IV-008,2026-08-01,Yes,
FB-00214,APP-0089,STG-0106,IV-001,2026-08-04,No,Missing required skill
FB-00215,APP-0090,STG-0104,IV-001,2026-08-04,No,Missing required skill
FB-00216,APP-0091,STG-0104,IV-001,2026-07-26,No,Location mismatch
FB-00217,APP-0092,STG-0104,IV-001,2026-07-22,No,Location mismatch
FB-00218,APP-0093,STG-0104,IV-018,2026-08-11,Yes,
FB-00219,APP-0093,STG-0105,IV-001,2026-08-11,Yes,
FB-00220,APP-0093,STG-0106,IV-001,2026-08-15,No,Missing required skill
FB-00221,APP-0094,STG-0104,IV-001,2026-07-25,Yes,
FB-00222,APP-0094,STG-0105,IV-001,2026-07-27,Yes,
FB-00223,APP-0094,STG-0106,IV-016,2026-08-01,Yes,
FB-00224,APP-0094,STG-0107,IV-001,2026-08-06,Yes,
FB-00225,APP-0094,STG-0108,IV-001,2026-08-11,No,Missing required skill
FB-00226,APP-0095,STG-0104,IV-018,2026-07-28,No,Insufficient years of experience
FB-00227,APP-0096,STG-0104,IV-016,2026-08-02,Yes,
FB-00228,APP-0096,STG-0105,IV-001,2026-08-05,Yes,
FB-00229,APP-0096,STG-0106,IV-001,2026-08-08,No,Missing required skill
FB-00230,APP-0097,STG-0104,IV-017,2026-07-23,Yes,
FB-00231,APP-0097,STG-0105,IV-017,2026-07-25,Yes,
FB-00232,APP-0097,STG-0106,IV-018,2026-07-29,Yes,
FB-00233,APP-0097,STG-0107,IV-001,2026-08-03,No,Location mismatch
FB-00234,APP-0098,STG-0104,IV-001,2026-08-19,Yes,
FB-00235,APP-0098,STG-0105,IV-001,2026-08-22,Yes,
FB-00236,APP-0098,STG-0106,IV-016,2026-08-25,Yes,
FB-00237,APP-0098,STG-0107,IV-015,2026-08-28,No,Failed coding bar
FB-00238,APP-0099,STG-0035,IV-001,2026-08-16,Yes,
FB-00239,APP-0099,STG-0036,IV-007,2026-08-19,No,Too junior for role level
FB-00240,APP-0100,STG-0035,IV-004,2026-06-29,No,Salary expectations misaligned
FB-00241,APP-0101,STG-0035,IV-004,2026-07-15,Yes,
FB-00242,APP-0101,STG-0036,IV-005,2026-07-18,No,Commute concerns
FB-00243,APP-0102,STG-0035,IV-009,2026-07-10,Yes,
FB-00244,APP-0102,STG-0036,IV-005,2026-07-11,No,Failed coding bar
FB-00245,APP-0103,STG-0035,IV-006,2026-08-07,Yes,
FB-00246,APP-0103,STG-0036,IV-001,2026-08-07,Yes,
FB-00247,APP-0103,STG-0037,IV-001,2026-08-07,No,Location mismatch
FB-00248,APP-0104,STG-0035,IV-001,2026-06-22,Yes,
FB-00249,APP-0104,STG-0036,IV-001,2026-06-25,Yes,
FB-00250,APP-0104,STG-0037,IV-001,2026-06-30,No,Location mismatch
FB-00251,APP-0105,STG-0035,IV-001,2026-06-20,No,Missing required skill
FB-00252,APP-0106,STG-0035,IV-005,2026-07-15,Yes,
FB-00253,APP-0106,STG-0036,IV-007,2026-07-17,Yes,
FB-00254,APP-0106,STG-0037,IV-001,2026-07-18,Yes,
FB-00255,APP-0106,STG-0038,IV-006,2026-07-19,Yes,
FB-00256,APP-0106,STG-0039,IV-009,2026-07-21,No,Missing required skill
FB-00257,APP-0107,STG-0035,IV-001,2026-07-26,Yes,
FB-00258,APP-0107,STG-0036,IV-001,2026-07-28,Yes,
FB-00259,APP-0107,STG-0037,IV-007,2026-07-28,Yes,
FB-00260,APP-0107,STG-0038,IV-002,2026-07-29,No,Failed coding bar
FB-00261,APP-0108,STG-0035,IV-001,2026-06-14,Yes,
FB-00262,APP-0108,STG-0036,IV-001,2026-06-15,No,Salary expectations misaligned
FB-00263,APP-0109,STG-0035,IV-005,2026-07-19,Yes,
FB-00264,APP-0109,STG-0036,IV-008,2026-07-19,Yes,
FB-00265,APP-0109,STG-0037,IV-001,2026-07-23,Yes,
FB-00266,APP-0109,STG-0038,IV-007,2026-07-24,No,Salary expectations misaligned
FB-00267,APP-0110,STG-0035,IV-001,2026-06-24,Yes,
FB-00268,APP-0110,STG-0036,IV-001,2026-06-24,Yes,
FB-00269,APP-0110,STG-0037,IV-001,2026-06-28,Yes,
FB-00270,APP-0110,STG-0038,IV-001,2026-07-03,No,Missing required skill
FB-00271,APP-0111,STG-0035,IV-001,2026-06-23,Yes,
FB-00272,APP-0111,STG-0036,IV-003,2026-06-23,No,Failed coding bar
FB-00273,APP-0112,STG-0035,IV-001,2026-08-04,Yes,
FB-00274,APP-0112,STG-0036,IV-001,2026-08-06,No,Commute concerns
FB-00275,APP-0113,STG-0035,IV-001,2026-07-01,No,Not good team fit
FB-00276,APP-0114,STG-0069,IV-001,2026-08-17,Yes,
FB-00277,APP-0114,STG-0070,IV-001,2026-08-18,Yes,
FB-00278,APP-0114,STG-0071,IV-009,2026-08-18,No,Failed coding bar
FB-00279,APP-0115,STG-0069,IV-008,2026-08-03,Yes,
FB-00280,APP-0115,STG-0070,IV-001,2026-08-05,Yes,
FB-00281,APP-0115,STG-0071,IV-008,2026-08-09,No,Location mismatch
FB-00282,APP-0116,STG-0069,IV-012,2026-08-05,Yes,
FB-00283,APP-0116,STG-0070,IV-009,2026-08-07,Yes,
FB-00284,APP-0116,STG-0071,IV-009,2026-08-09,No,Location mismatch
FB-00285,APP-0117,STG-0069,IV-009,2026-08-03,Yes,
FB-00286,APP-0117,STG-0070,IV-010,2026-08-04,No,Missing required skill
FB-00287,APP-0118,STG-0069,IV-008,2026-08-07,No,Failed coding bar
FB-00288,APP-0119,STG-0069,IV-001,2026-08-17,Yes,
FB-00289,APP-0119,STG-0070,IV-009,2026-08-19,Yes,
FB-00290,APP-0119,STG-0071,IV-009,2026-08-24,Yes,
FB-00291,APP-0119,STG-0072,IV-001,2026-08-28,No,Too junior for role level
FB-00292,APP-0120,STG-0069,IV-001,2026-08-15,Yes,
FB-00293,APP-0120,STG-0070,IV-001,2026-08-17,Yes,
FB-00294,APP-0120,STG-0071,IV-011,2026-08-19,No,Commute concerns
FB-00295,APP-0121,STG-0069,IV-013,2026-08-15,No,Too junior for role level
FB-00296,APP-0122,STG-0069,IV-010,2026-08-10,Yes,
FB-00297,APP-0122,STG-0070,IV-001,2026-08-11,Yes,
FB-00298,APP-0122,STG-0071,IV-001,2026-08-14,No,Insufficient years of experience
FB-00299,APP-0123,STG-0069,IV-001,2026-08-02,Yes,
FB-00300,APP-0123,STG-0070,IV-001,2026-08-02,Yes,
FB-00301,APP-0123,STG-0071,IV-008,2026-08-05,Yes,
FB-00302,APP-0123,STG-0072,IV-001,2026-08-06,Yes,
FB-00303,APP-0123,STG-0073,IV-001,2026-08-06,No,Insufficient experience designing large SPA systems
FB-00304,APP-0124,STG-0069,IV-008,2026-08-06,No,Insufficient years of experience
FB-00305,APP-0125,STG-0069,IV-009,2026-08-07,No,Too junior for role level
FB-00306,APP-0126,STG-0009,IV-002,2026-08-08,Yes,
FB-00307,APP-0126,STG-0010,IV-001,2026-08-09,Yes,
FB-00308,APP-0126,STG-0011,IV-001,2026-08-13,Yes,
FB-00309,APP-0126,STG-0012,IV-005,2026-08-16,No,Not good team fit
FB-00310,APP-0127,STG-0009,IV-009,2026-08-12,Yes,
FB-00311,APP-0127,STG-0010,IV-009,2026-08-12,Yes,
FB-00312,APP-0127,STG-0011,IV-007,2026-08-16,Yes,
FB-00313,APP-0127,STG-0012,IV-008,2026-08-17,No,Salary expectations misaligned
FB-00314,APP-0128,STG-0009,IV-008,2026-07-28,Yes,
FB-00315,APP-0128,STG-0010,IV-006,2026-07-29,Yes,
FB-00316,APP-0128,STG-0011,IV-001,2026-08-02,Yes,
FB-00317,APP-0128,STG-0012,IV-003,2026-08-06,Yes,
FB-00318,APP-0128,STG-0013,IV-001,2026-08-10,Yes,
FB-00319,APP-0128,STG-0014,IV-001,2026-08-11,Yes,
FB-00320,APP-0128,STG-0015,IV-001,2026-08-21,Yes,
FB-00321,APP-0129,STG-0009,IV-001,2026-08-08,Yes,
FB-00322,APP-0129,STG-0010,IV-001,2026-08-08,Yes,
FB-00323,APP-0129,STG-0011,IV-004,2026-08-09,Yes,
FB-00324,APP-0129,STG-0012,IV-001,2026-08-09,No,Location mismatch
FB-00325,APP-0130,STG-0009,IV-007,2026-08-10,Yes,
FB-00326,APP-0130,STG-0010,IV-001,2026-08-12,No,Insufficient years of experience
FB-00327,APP-0131,STG-0009,IV-001,2026-07-29,No,Not good team fit
FB-00328,APP-0132,STG-0009,IV-003,2026-08-16,Yes,
FB-00329,APP-0132,STG-0010,IV-001,2026-08-16,Yes,
FB-00330,APP-0132,STG-0011,IV-001,2026-08-18,Yes,
FB-00331,APP-0132,STG-0012,IV-001,2026-08-21,Yes,
FB-00332,APP-0132,STG-0013,IV-001,2026-08-25,Yes,
FB-00333,APP-0132,STG-0014,IV-005,2026-08-26,No,Failed coding bar
FB-00334,APP-0133,STG-0009,IV-007,2026-07-30,Yes,
FB-00335,APP-0133,STG-0010,IV-001,2026-07-30,No,Insufficient years of experience
FB-00336,APP-0134,STG-0009,IV-009,2026-08-02,Yes,
FB-00337,APP-0134,STG-0010,IV-009,2026-08-04,No,Location mismatch
FB-00338,APP-0135,STG-0009,IV-008,2026-08-16,Yes,
FB-00339,APP-0135,STG-0010,IV-001,2026-08-17,Yes,
FB-00340,APP-0135,STG-0011,IV-001,2026-08-17,No,Missing required skill
FB-00341,APP-0136,STG-0009,IV-001,2026-08-07,No,Location mismatch
FB-00342,APP-0137,STG-0009,IV-001,2026-07-29,Yes,
FB-00343,APP-0137,STG-0010,IV-009,2026-08-01,Yes,
FB-00344,APP-0137,STG-0011,IV-004,2026-08-02,Yes,
FB-00345,APP-0137,STG-0012,IV-001,2026-08-02,Yes,
FB-00346,APP-0137,STG-0013,IV-001,2026-08-06,Yes,
FB-00347,APP-0137,STG-0014,IV-001,2026-08-07,Yes,
FB-00348,APP-0137,STG-0015,IV-006,2026-08-13,Yes,
FB-00349,APP-0138,STG-0009,IV-001,2026-07-28,Yes,
FB-00350,APP-0138,STG-0010,IV-001,2026-07-29,Yes,
FB-00351,APP-0138,STG-0011,IV-009,2026-08-03,No,Commute concerns
FB-00352,APP-0139,STG-0009,IV-003,2026-08-07,No,Missing required skill
FB-00353,APP-0140,STG-0009,IV-009,2026-08-18,Yes,
FB-00354,APP-0140,STG-0010,IV-001,2026-08-20,No,Insufficient years of experience
FB-00355,APP-0141,STG-0009,IV-006,2026-08-11,Yes,
FB-00356,APP-0141,STG-0010,IV-007,2026-08-14,Yes,
FB-00357,APP-0141,STG-0011,IV-002,2026-08-19,No,Could not demonstrate claimed backend expertise
FB-00358,APP-0142,STG-0009,IV-001,2026-08-03,Yes,
FB-00359,APP-0142,STG-0010,IV-001,2026-08-05,Yes,
FB-00360,APP-0142,STG-0011,IV-007,2026-08-08,No,Salary expectations misaligned
FB-00361,APP-0143,STG-0096,IV-016,2026-07-26,Yes,
FB-00362,APP-0143,STG-0097,IV-001,2026-07-27,No,Missing required skill
FB-00363,APP-0144,STG-0096,IV-001,2026-08-09,Yes,
FB-00364,APP-0144,STG-0097,IV-001,2026-08-12,Yes,
FB-00365,APP-0144,STG-0098,IV-008,2026-08-13,No,Commute concerns
FB-00366,APP-0145,STG-0096,IV-008,2026-08-11,Yes,
FB-00367,APP-0145,STG-0097,IV-017,2026-08-14,Yes,
FB-00368,APP-0145,STG-0098,IV-001,2026-08-16,Yes,
FB-00369,APP-0145,STG-0099,IV-001,2026-08-20,Yes,
FB-00370,APP-0145,STG-0100,IV-001,2026-08-23,No,Insufficient years of experience
FB-00371,APP-0146,STG-0096,IV-001,2026-07-28,Yes,
FB-00372,APP-0146,STG-0097,IV-016,2026-07-29,Yes,
FB-00373,APP-0146,STG-0098,IV-018,2026-07-29,No,Location mismatch
FB-00374,APP-0147,STG-0096,IV-001,2026-08-17,Yes,
FB-00375,APP-0147,STG-0097,IV-015,2026-08-19,No,Insufficient years of experience
FB-00376,APP-0148,STG-0096,IV-008,2026-07-26,Yes,
FB-00377,APP-0148,STG-0097,IV-001,2026-07-29,No,Commute concerns
FB-00378,APP-0149,STG-0096,IV-017,2026-08-05,No,Too junior for role level
FB-00379,APP-0150,STG-0096,IV-009,2026-08-04,Yes,
FB-00380,APP-0150,STG-0097,IV-001,2026-08-04,Yes,
FB-00381,APP-0150,STG-0098,IV-016,2026-08-04,No,Failed coding bar
FB-00382,APP-0151,STG-0096,IV-001,2026-08-17,Yes,
FB-00383,APP-0151,STG-0097,IV-009,2026-08-17,No,Insufficient years of experience
FB-00384,APP-0152,STG-0096,IV-001,2026-08-04,Yes,
FB-00385,APP-0152,STG-0097,IV-008,2026-08-04,No,Too junior for role level
FB-00386,APP-0153,STG-0044,IV-002,2026-06-29,No,Missing required skill
FB-00387,APP-0154,STG-0044,IV-002,2026-07-18,Yes,
FB-00388,APP-0154,STG-0045,IV-007,2026-07-20,Yes,
FB-00389,APP-0154,STG-0046,IV-001,2026-07-25,No,Location mismatch
FB-00390,APP-0155,STG-0044,IV-002,2026-08-08,Yes,
FB-00391,APP-0155,STG-0045,IV-001,2026-08-09,Yes,
FB-00392,APP-0155,STG-0046,IV-001,2026-08-12,No,Commute concerns
FB-00393,APP-0156,STG-0044,IV-003,2026-08-02,Yes,
FB-00394,APP-0156,STG-0045,IV-007,2026-08-05,No,Not good team fit
FB-00395,APP-0157,STG-0044,IV-001,2026-07-29,Yes,
FB-00396,APP-0157,STG-0045,IV-001,2026-07-29,Yes,
FB-00397,APP-0157,STG-0046,IV-001,2026-08-03,Yes,
FB-00398,APP-0157,STG-0047,IV-001,2026-08-07,No,Missing required skill
FB-00399,APP-0158,STG-0044,IV-001,2026-08-05,Yes,
FB-00400,APP-0158,STG-0045,IV-001,2026-08-08,Yes,
FB-00401,APP-0158,STG-0046,IV-001,2026-08-10,Yes,
FB-00402,APP-0158,STG-0047,IV-001,2026-08-11,Yes,
FB-00403,APP-0158,STG-0048,IV-008,2026-08-14,Yes,
FB-00404,APP-0158,STG-0049,IV-001,2026-08-19,Yes,
FB-00405,APP-0158,STG-0050,IV-001,2026-08-20,Yes,
FB-00406,APP-0158,STG-0051,IV-001,2026-08-25,Yes,
FB-00407,APP-0159,STG-0044,IV-003,2026-07-16,Yes,
FB-00408,APP-0159,STG-0045,IV-001,2026-07-18,Yes,
FB-00409,APP-0159,STG-0046,IV-001,2026-07-22,Yes,
FB-00410,APP-0159,STG-0047,IV-001,2026-07-25,Yes,
FB-00411,APP-0159,STG-0048,IV-001,2026-07-29,No,Missing required skill
FB-00412,APP-0160,STG-0044,IV-001,2026-08-17,No,Too junior for role level
FB-00413,APP-0161,STG-0044,IV-001,2026-06-27,No,Insufficient years of experience
FB-00414,APP-0162,STG-0044,IV-001,2026-07-11,Yes,
FB-00415,APP-0162,STG-0045,IV-007,2026-07-13,No,Not good team fit
FB-00416,APP-0163,STG-0044,IV-001,2026-08-05,Yes,
FB-00417,APP-0163,STG-0045,IV-003,2026-08-07,Yes,
FB-00418,APP-0163,STG-0046,IV-006,2026-08-08,No,Salary expectations misaligned
FB-00419,APP-0164,STG-0044,IV-001,2026-07-15,Yes,
FB-00420,APP-0164,STG-0045,IV-001,2026-07-16,Yes,
FB-00421,APP-0164,STG-0046,IV-007,2026-07-19,Yes,
FB-00422,APP-0164,STG-0047,IV-001,2026-07-22,No,Missing required skill
FB-00423,APP-0165,STG-0044,IV-001,2026-07-20,No,Too junior for role level
FB-00424,APP-0166,STG-0087,IV-008,2026-07-19,Yes,
FB-00425,APP-0166,STG-0088,IV-010,2026-07-22,Yes,
FB-00426,APP-0166,STG-0089,IV-001,2026-07-24,Yes,
FB-00427,APP-0166,STG-0090,IV-009,2026-07-26,Yes,
FB-00428,APP-0166,STG-0091,IV-001,2026-07-28,Yes,
FB-00429,APP-0166,STG-0092,IV-009,2026-07-30,Yes,
FB-00430,APP-0166,STG-0093,IV-009,2026-08-01,No,Not good team fit
FB-00431,APP-0167,STG-0087,IV-001,2026-08-04,Yes,
FB-00432,APP-0167,STG-0088,IV-012,2026-08-06,No,Missing required skill
FB-00433,APP-0168,STG-0087,IV-001,2026-08-14,Yes,
FB-00434,APP-0168,STG-0088,IV-008,2026-08-16,No,Commute concerns
FB-00435,APP-0169,STG-0087,IV-014,2026-07-08,Yes,
FB-00436,APP-0169,STG-0088,IV-010,2026-07-08,Yes,
FB-00437,APP-0169,STG-0089,IV-008,2026-07-11,Yes,
FB-00438,APP-0169,STG-0090,IV-009,2026-07-14,Yes,
FB-00439,APP-0169,STG-0091,IV-001,2026-07-18,Yes,
FB-00440,APP-0169,STG-0092,IV-009,2026-07-18,Yes,
FB-00441,APP-0169,STG-0093,IV-001,2026-07-18,Yes,
FB-00442,APP-0169,STG-0094,IV-001,2026-07-28,Yes,
FB-00443,APP-0170,STG-0087,IV-008,2026-08-14,No,Insufficient years of experience
FB-00444,APP-0171,STG-0087,IV-013,2026-07-27,No,Too junior for role level
FB-00445,APP-0172,STG-0087,IV-001,2026-08-11,Yes,
FB-00446,APP-0172,STG-0088,IV-008,2026-08-12,No,Salary expectations misaligned
FB-00447,APP-0173,STG-0087,IV-013,2026-07-26,Yes,
FB-00448,APP-0173,STG-0088,IV-001,2026-07-27,No,Location mismatch
FB-00449,APP-0174,STG-0087,IV-008,2026-08-13,No,Failed coding bar
FB-00450,APP-0175,STG-0087,IV-011,2026-08-09,Yes,
FB-00451,APP-0175,STG-0088,IV-001,2026-08-10,Yes,
FB-00452,APP-0175,STG-0089,IV-008,2026-08-10,Yes,
FB-00453,APP-0175,STG-0090,IV-014,2026-08-13,No,Salary expectations misaligned
FB-00454,APP-0176,STG-0087,IV-013,2026-07-10,No,Missing required skill
FB-00455,APP-0177,STG-0087,IV-008,2026-07-13,Yes,
FB-00456,APP-0177,STG-0088,IV-001,2026-07-13,No,Insufficient years of experience
FB-00457,APP-0178,STG-0087,IV-008,2026-08-04,No,Missing required skill
FB-00458,APP-0179,STG-0087,IV-011,2026-08-08,Yes,
FB-00459,APP-0179,STG-0088,IV-001,2026-08-09,Yes,
FB-00460,APP-0179,STG-0089,IV-013,2026-08-13,Yes,
FB-00461,APP-0179,STG-0090,IV-013,2026-08-18,Yes,
FB-00462,APP-0179,STG-0091,IV-001,2026-08-25,No,Weak frontend system design - state management at scale
FB-00463,APP-0180,STG-0087,IV-008,2026-08-11,No,Too junior for role level
FB-00464,APP-0181,STG-0017,IV-001,2026-08-05,Yes,
FB-00465,APP-0181,STG-0018,IV-008,2026-08-08,Yes,
FB-00466,APP-0181,STG-0019,IV-001,2026-08-10,Yes,
FB-00467,APP-0181,STG-0020,IV-001,2026-08-13,Yes,
FB-00468,APP-0181,STG-0021,IV-009,2026-08-20,Yes,
FB-00469,APP-0181,STG-0022,IV-001,2026-08-21,Yes,
FB-00470,APP-0181,STG-0023,IV-001,2026-08-21,Yes,
FB-00471,APP-0181,STG-0024,IV-001,2026-08-26,Yes,
FB-00472,APP-0182,STG-0017,IV-006,2026-08-09,Yes,
FB-00473,APP-0182,STG-0018,IV-006,2026-08-12,Yes,
FB-00474,APP-0182,STG-0019,IV-004,2026-08-14,Yes,
FB-00475,APP-0182,STG-0020,IV-001,2026-08-17,Yes,
FB-00476,APP-0182,STG-0021,IV-001,2026-08-23,Yes,
FB-00477,APP-0182,STG-0022,IV-006,2026-08-27,No,Location mismatch
FB-00478,APP-0183,STG-0017,IV-003,2026-08-18,Yes,
FB-00479,APP-0183,STG-0018,IV-005,2026-08-21,No,Insufficient years of experience
FB-00480,APP-0184,STG-0017,IV-001,2026-08-07,No,Insufficient years of experience
FB-00481,APP-0185,STG-0017,IV-001,2026-08-18,No,Insufficient years of experience
FB-00482,APP-0186,STG-0017,IV-001,2026-08-18,Yes,
FB-00483,APP-0186,STG-0018,IV-001,2026-08-20,Yes,
FB-00484,APP-0186,STG-0019,IV-008,2026-08-25,No,Failed coding bar
FB-00485,APP-0187,STG-0017,IV-002,2026-08-01,Yes,
FB-00486,APP-0187,STG-0018,IV-004,2026-08-03,Yes,
FB-00487,APP-0187,STG-0019,IV-005,2026-08-05,Yes,
FB-00488,APP-0187,STG-0020,IV-003,2026-08-10,No,Location mismatch
FB-00489,APP-0188,STG-0017,IV-004,2026-07-30,Yes,
FB-00490,APP-0188,STG-0018,IV-007,2026-07-30,No,Location mismatch
FB-00491,APP-0189,STG-0017,IV-001,2026-08-01,Yes,
FB-00492,APP-0189,STG-0018,IV-001,2026-08-03,No,Not good team fit
FB-00493,APP-0190,STG-0017,IV-007,2026-08-14,No,Location mismatch
FB-00494,APP-0191,STG-0112,IV-001,2026-08-06,Yes,
FB-00495,APP-0191,STG-0113,IV-001,2026-08-06,No,Not good team fit
FB-00496,APP-0192,STG-0112,IV-015,2026-08-15,No,Location mismatch
FB-00497,APP-0193,STG-0112,IV-001,2026-08-08,Yes,
FB-00498,APP-0193,STG-0113,IV-001,2026-08-11,Yes,
FB-00499,APP-0193,STG-0114,IV-001,2026-08-15,Yes,
FB-00500,APP-0193,STG-0115,IV-009,2026-08-16,No,Failed coding bar
FB-00501,APP-0194,STG-0112,IV-009,2026-08-05,Yes,
FB-00502,APP-0194,STG-0113,IV-018,2026-08-06,Yes,
FB-00503,APP-0194,STG-0114,IV-015,2026-08-11,Yes,
FB-00504,APP-0194,STG-0115,IV-001,2026-08-16,No,Failed coding bar
FB-00505,APP-0195,STG-0112,IV-016,2026-08-08,Yes,
FB-00506,APP-0195,STG-0113,IV-009,2026-08-10,Yes,
FB-00507,APP-0195,STG-0114,IV-017,2026-08-11,Yes,
FB-00508,APP-0195,STG-0115,IV-001,2026-08-16,No,Failed coding bar
FB-00509,APP-0196,STG-0112,IV-016,2026-08-14,Yes,
FB-00510,APP-0196,STG-0113,IV-018,2026-08-17,Yes,
FB-00511,APP-0196,STG-0114,IV-015,2026-08-22,Yes,
FB-00512,APP-0196,STG-0115,IV-001,2026-08-26,No,Location mismatch
FB-00513,APP-0197,STG-0112,IV-015,2026-08-05,Yes,
FB-00514,APP-0197,STG-0113,IV-001,2026-08-05,Yes,
FB-00515,APP-0197,STG-0114,IV-015,2026-08-10,Yes,
FB-00516,APP-0197,STG-0115,IV-001,2026-08-14,Yes,
FB-00517,APP-0197,STG-0116,IV-018,2026-08-18,No,Salary expectations misaligned
FB-00518,APP-0198,STG-0112,IV-001,2026-08-06,Yes,
FB-00519,APP-0198,STG-0113,IV-015,2026-08-08,No,Salary expectations misaligned
FB-00520,APP-0199,STG-0112,IV-001,2026-08-13,Yes,
FB-00521,APP-0199,STG-0113,IV-001,2026-08-14,No,Commute concerns
FB-00522,APP-0200,STG-0112,IV-017,2026-08-14,Yes,
FB-00523,APP-0200,STG-0113,IV-016,2026-08-14,No,Not good team fit
FB-00524,APP-0201,STG-0112,IV-018,2026-08-15,No,Salary expectations misaligned
FB-00525,APP-0202,STG-0112,IV-018,2026-08-08,Yes,
FB-00526,APP-0202,STG-0113,IV-018,2026-08-10,Yes,
FB-00527,APP-0202,STG-0114,IV-001,2026-08-13,Yes,
FB-00528,APP-0202,STG-0115,IV-008,2026-08-14,No,Not good team fit
FB-00529,APP-0203,STG-0112,IV-017,2026-08-20,Yes,
FB-00530,APP-0203,STG-0113,IV-018,2026-08-23,No,Location mismatch
FB-00531,APP-0204,STG-0061,IV-012,2026-07-22,Yes,
FB-00532,APP-0204,STG-0062,IV-001,2026-07-25,No,Missing required skill
FB-00533,APP-0205,STG-0061,IV-009,2026-08-03,Yes,
FB-00534,APP-0205,STG-0062,IV-008,2026-08-05,No,Too junior for role level
FB-00535,APP-0206,STG-0061,IV-001,2026-08-03,Yes,
FB-00536,APP-0206,STG-0062,IV-008,2026-08-04,Yes,
FB-00537,APP-0206,STG-0063,IV-014,2026-08-05,Yes,
FB-00538,APP-0206,STG-0064,IV-009,2026-08-08,Yes,
FB-00539,APP-0206,STG-0065,IV-001,2026-08-08,Yes,
FB-00540,APP-0206,STG-0066,IV-009,2026-08-10,Yes,
FB-00541,APP-0206,STG-0067,IV-001,2026-08-16,Yes,
FB-00542,APP-0207,STG-0061,IV-009,2026-08-20,No,Location mismatch
FB-00543,APP-0208,STG-0061,IV-001,2026-07-28,Yes,
FB-00544,APP-0208,STG-0062,IV-013,2026-07-29,No,Too junior for role level
FB-00545,APP-0209,STG-0061,IV-001,2026-08-05,No,Not good team fit
FB-00546,APP-0210,STG-0061,IV-008,2026-08-03,Yes,
FB-00547,APP-0210,STG-0062,IV-012,2026-08-04,No,Too junior for role level
FB-00548,APP-0211,STG-0061,IV-008,2026-08-11,Yes,
FB-00549,APP-0211,STG-0062,IV-013,2026-08-14,Yes,
FB-00550,APP-0211,STG-0063,IV-013,2026-08-17,Yes,
FB-00551,APP-0211,STG-0064,IV-010,2026-08-17,Yes,
FB-00552,APP-0211,STG-0065,IV-001,2026-08-19,No,Salary expectations misaligned
FB-00553,APP-0212,STG-0061,IV-001,2026-08-09,Yes,
FB-00554,APP-0212,STG-0062,IV-008,2026-08-09,No,Failed coding bar
FB-00555,APP-0213,STG-0061,IV-008,2026-08-17,Yes,
FB-00556,APP-0213,STG-0062,IV-011,2026-08-19,Yes,
FB-00557,APP-0213,STG-0063,IV-011,2026-08-22,Yes,
FB-00558,APP-0213,STG-0064,IV-011,2026-08-22,No,Commute concerns
FB-00559,APP-0214,STG-0061,IV-001,2026-08-10,No,Commute concerns
FB-00560,APP-0215,STG-0061,IV-008,2026-08-16,Yes,
FB-00561,APP-0215,STG-0062,IV-009,2026-08-16,Yes,
FB-00562,APP-0215,STG-0063,IV-001,2026-08-18,No,Too junior for role level
FB-00563,APP-0216,STG-0026,IV-001,2026-07-15,No,Location mismatch
FB-00564,APP-0217,STG-0026,IV-001,2026-08-16,No,Missing required skill
FB-00565,APP-0218,STG-0026,IV-007,2026-07-19,No,Too junior for role level
FB-00566,APP-0219,STG-0026,IV-001,2026-08-18,Yes,
FB-00567,APP-0219,STG-0027,IV-001,2026-08-21,Yes,
FB-00568,APP-0219,STG-0028,IV-001,2026-08-22,No,Failed coding bar
FB-00569,APP-0220,STG-0026,IV-009,2026-07-24,No,Not good team fit
FB-00570,APP-0221,STG-0026,IV-003,2026-07-25,Yes,
FB-00571,APP-0221,STG-0027,IV-003,2026-07-26,No,Commute concerns
FB-00572,APP-0222,STG-0026,IV-009,2026-07-20,Yes,
FB-00573,APP-0222,STG-0027,IV-001,2026-07-20,Yes,
FB-00574,APP-0222,STG-0028,IV-008,2026-07-21,Yes,
FB-00575,APP-0222,STG-0029,IV-005,2026-07-26,No,Too junior for role level
FB-00576,APP-0223,STG-0026,IV-003,2026-07-23,Yes,
FB-00577,APP-0223,STG-0027,IV-001,2026-07-23,No,Location mismatch
FB-00578,APP-0224,STG-0130,IV-001,2026-07-26,No,Commute concerns
FB-00579,APP-0225,STG-0130,IV-016,2026-08-12,Yes,
FB-00580,APP-0225,STG-0131,IV-016,2026-08-12,Yes,
FB-00581,APP-0225,STG-0132,IV-001,2026-08-17,Yes,
FB-00582,APP-0225,STG-0133,IV-017,2026-08-19,Yes,
FB-00583,APP-0225,STG-0134,IV-001,2026-08-19,Yes,
FB-00584,APP-0225,STG-0135,IV-016,2026-08-19,Yes,
FB-00585,APP-0225,STG-0136,IV-001,2026-08-21,Yes,
FB-00586,APP-0225,STG-0137,IV-018,2026-08-24,Yes,
FB-00587,APP-0226,STG-0130,IV-001,2026-07-26,Yes,
FB-00588,APP-0226,STG-0131,IV-009,2026-07-28,Yes,
FB-00589,APP-0226,STG-0132,IV-008,2026-07-29,No,Salary expectations misaligned
FB-00590,APP-0227,STG-0130,IV-016,2026-08-18,Yes,
FB-00591,APP-0227,STG-0131,IV-001,2026-08-19,Yes,
FB-00592,APP-0227,STG-0132,IV-009,2026-08-20,Yes,
FB-00593,APP-0227,STG-0133,IV-018,2026-08-22,Yes,
FB-00594,APP-0227,STG-0134,IV-009,2026-08-22,Yes,
FB-00595,APP-0227,STG-0135,IV-018,2026-08-25,Yes,
FB-00596,APP-0227,STG-0136,IV-009,2026-08-25,Yes,
FB-00597,APP-0227,STG-0137,IV-009,2026-08-29,Yes,
FB-00598,APP-0228,STG-0130,IV-015,2026-08-13,No,Too junior for role level
FB-00599,APP-0229,STG-0130,IV-008,2026-08-06,Yes,
FB-00600,APP-0229,STG-0131,IV-001,2026-08-06,No,Insufficient years of experience
FB-00601,APP-0230,STG-0130,IV-009,2026-08-14,Yes,
FB-00602,APP-0230,STG-0131,IV-018,2026-08-16,No,Not good team fit
FB-00603,APP-0231,STG-0130,IV-008,2026-08-15,Yes,
FB-00604,APP-0231,STG-0131,IV-001,2026-08-16,Yes,
FB-00605,APP-0231,STG-0132,IV-001,2026-08-19,Yes,
FB-00606,APP-0231,STG-0133,IV-015,2026-08-23,No,Failed coding bar
FB-00607,APP-0232,STG-0130,IV-001,2026-08-06,Yes,
FB-00608,APP-0232,STG-0131,IV-001,2026-08-09,Yes,
FB-00609,APP-0232,STG-0132,IV-015,2026-08-11,No,Missing required skill
FB-00610,APP-0233,STG-0130,IV-016,2026-08-08,Yes,
FB-00611,APP-0233,STG-0131,IV-001,2026-08-09,No,Commute concerns
FB-00612,APP-0234,STG-0130,IV-017,2026-08-12,No,Failed coding bar
FB-00613,APP-0235,STG-0130,IV-001,2026-08-11,No,Location mismatch
FB-00614,APP-0236,STG-0130,IV-001,2026-07-25,No,Too junior for role level
FB-00615,APP-0237,STG-0009,IV-007,2026-08-07,Yes,
FB-00616,APP-0237,STG-0010,IV-001,2026-08-07,Yes,
FB-00617,APP-0237,STG-0011,IV-005,2026-08-08,Yes,
FB-00618,APP-0237,STG-0012,IV-005,2026-08-11,Yes,
FB-00619,APP-0237,STG-0013,IV-001,2026-08-14,Yes,
FB-00620,APP-0237,STG-0014,IV-006,2026-08-14,Yes,
FB-00621,APP-0237,STG-0015,IV-007,2026-08-18,No,Declined - total comp below market for Staff level
FB-00622,APP-0238,STG-0009,IV-008,2026-08-16,Yes,
FB-00623,APP-0238,STG-0010,IV-001,2026-08-17,No,Insufficient years of experience
FB-00624,APP-0239,STG-0009,IV-008,2026-08-13,No,Not good team fit
FB-00625,APP-0240,STG-0009,IV-001,2026-08-11,No,Commute concerns
FB-00626,APP-0241,STG-0009,IV-001,2026-08-09,Yes,
FB-00627,APP-0241,STG-0010,IV-001,2026-08-11,Yes,
FB-00628,APP-0241,STG-0011,IV-006,2026-08-12,Yes,
FB-00629,APP-0241,STG-0012,IV-007,2026-08-13,Yes,
FB-00630,APP-0241,STG-0013,IV-001,2026-08-17,Yes,
FB-00631,APP-0241,STG-0014,IV-001,2026-08-19,Yes,
FB-00632,APP-0241,STG-0015,IV-001,2026-08-20,Yes,
FB-00633,APP-0242,STG-0009,IV-008,2026-08-14,Yes,
FB-00634,APP-0242,STG-0010,IV-001,2026-08-17,Yes,
FB-00635,APP-0242,STG-0011,IV-001,2026-08-22,Yes,
FB-00636,APP-0242,STG-0012,IV-006,2026-08-24,No,Salary expectations misaligned
FB-00637,APP-0243,STG-0009,IV-001,2026-08-14,Yes,
FB-00638,APP-0243,STG-0010,IV-005,2026-08-14,No,Failed coding bar
FB-00639,APP-0244,STG-0009,IV-003,2026-08-18,Yes,
FB-00640,APP-0244,STG-0010,IV-001,2026-08-18,Yes,
FB-00641,APP-0244,STG-0011,IV-001,2026-08-19,No,Commute concerns
FB-00642,APP-0245,STG-0009,IV-008,2026-08-10,Yes,
FB-00643,APP-0245,STG-0010,IV-005,2026-08-10,Yes,
FB-00644,APP-0245,STG-0011,IV-001,2026-08-15,Yes,
FB-00645,APP-0245,STG-0012,IV-005,2026-08-15,Yes,
FB-00646,APP-0245,STG-0013,IV-007,2026-08-17,Yes,
FB-00647,APP-0245,STG-0014,IV-001,2026-08-17,No,Not good team fit
FB-00648,APP-0246,STG-0009,IV-001,2026-08-12,Yes,
FB-00649,APP-0246,STG-0010,IV-002,2026-08-14,No,Commute concerns
FB-00650,APP-0247,STG-0009,IV-008,2026-08-17,Yes,
FB-00651,APP-0247,STG-0010,IV-001,2026-08-18,Yes,
FB-00652,APP-0247,STG-0011,IV-009,2026-08-23,Yes,
FB-00653,APP-0247,STG-0012,IV-001,2026-08-23,Yes,
FB-00654,APP-0247,STG-0013,IV-001,2026-08-25,No,Not good team fit
FB-00655,APP-0248,STG-0009,IV-001,2026-08-10,Yes,
FB-00656,APP-0248,STG-0010,IV-001,2026-08-12,Yes,
FB-00657,APP-0248,STG-0011,IV-001,2026-08-17,Yes,
FB-00658,APP-0248,STG-0012,IV-001,2026-08-21,Yes,
FB-00659,APP-0248,STG-0013,IV-002,2026-08-23,Yes,
FB-00660,APP-0248,STG-0014,IV-005,2026-08-23,Yes,
FB-00661,APP-0248,STG-0015,IV-001,2026-09-02,Yes,
FB-00662,APP-0249,STG-0009,IV-001,2026-08-13,Yes,
FB-00663,APP-0249,STG-0010,IV-001,2026-08-13,Yes,
FB-00664,APP-0249,STG-0011,IV-001,2026-08-17,Yes,
FB-00665,APP-0249,STG-0012,IV-004,2026-08-19,Yes,
FB-00666,APP-0249,STG-0013,IV-001,2026-08-23,Yes,
FB-00667,APP-0249,STG-0014,IV-007,2026-08-23,Yes,
FB-00668,APP-0249,STG-0015,IV-004,2026-09-02,Yes,
FB-00669,APP-0250,STG-0009,IV-004,2026-08-08,No,Too junior for role level
FB-00670,APP-0251,STG-0009,IV-001,2026-08-10,Yes,
FB-00671,APP-0251,STG-0010,IV-001,2026-08-11,Yes,
FB-00672,APP-0251,STG-0011,IV-001,2026-08-15,Yes,
FB-00673,APP-0251,STG-0012,IV-003,2026-08-18,Yes,
FB-00674,APP-0251,STG-0013,IV-009,2026-08-20,Yes,
FB-00675,APP-0251,STG-0014,IV-001,2026-08-20,Yes,
FB-00676,APP-0251,STG-0015,IV-001,2026-08-30,Yes,
FB-00677,APP-0252,STG-0009,IV-001,2026-08-14,No,Failed coding bar
FB-00678,APP-0253,STG-0069,IV-011,2026-08-19,Yes,
FB-00679,APP-0253,STG-0070,IV-001,2026-08-19,No,Salary expectations misaligned
FB-00680,APP-0254,STG-0069,IV-009,2026-08-14,Yes,
FB-00681,APP-0254,STG-0070,IV-001,2026-08-17,No,Failed coding bar
FB-00682,APP-0255,STG-0069,IV-012,2026-08-18,Yes,
FB-00683,APP-0255,STG-0070,IV-010,2026-08-21,Yes,
FB-00684,APP-0255,STG-0071,IV-001,2026-08-23,Yes,
FB-00685,APP-0255,STG-0072,IV-010,2026-08-25,No,Salary expectations misaligned
FB-00686,APP-0256,STG-0069,IV-001,2026-08-15,Yes,
FB-00687,APP-0256,STG-0070,IV-001,2026-08-16,Yes,
FB-00688,APP-0256,STG-0071,IV-001,2026-08-18,Yes,
FB-00689,APP-0256,STG-0072,IV-013,2026-08-21,Yes,
FB-00690,APP-0256,STG-0073,IV-001,2026-08-28,No,Could not articulate component architecture patterns
FB-00691,APP-0257,STG-0069,IV-009,2026-08-10,Yes,
FB-00692,APP-0257,STG-0070,IV-009,2026-08-12,Yes,
FB-00693,APP-0257,STG-0071,IV-009,2026-08-12,No,Salary expectations misaligned
FB-00694,APP-0258,STG-0069,IV-013,2026-08-13,No,Location mismatch
FB-00695,APP-0259,STG-0069,IV-001,2026-08-19,Yes,
FB-00696,APP-0259,STG-0070,IV-012,2026-08-21,Yes,
FB-00697,APP-0259,STG-0071,IV-010,2026-08-24,Yes,
FB-00698,APP-0259,STG-0072,IV-013,2026-08-24,Yes,
FB-00699,APP-0259,STG-0073,IV-010,2026-08-31,No,Insufficient experience designing large SPA systems
FB-00700,APP-0260,STG-0069,IV-001,2026-08-18,Yes,
FB-00701,APP-0260,STG-0070,IV-001,2026-08-20,No,Not good team fit
FB-00702,APP-0261,STG-0069,IV-010,2026-08-12,Yes,
FB-00703,APP-0261,STG-0070,IV-001,2026-08-15,Yes,
FB-00704,APP-0261,STG-0071,IV-011,2026-08-17,No,Insufficient years of experience
FB-00705,APP-0262,STG-0069,IV-001,2026-08-12,Yes,
FB-00706,APP-0262,STG-0070,IV-013,2026-08-13,Yes,
FB-00707,APP-0262,STG-0071,IV-010,2026-08-13,Yes,
FB-00708,APP-0262,STG-0072,IV-008,2026-08-15,Yes,
FB-00709,APP-0262,STG-0073,IV-012,2026-08-16,No,Insufficient experience designing large SPA systems
FB-00710,APP-0263,STG-0069,IV-008,2026-08-13,Yes,
FB-00711,APP-0263,STG-0070,IV-001,2026-08-14,Yes,
FB-00712,APP-0263,STG-0071,IV-001,2026-08-16,Yes,
FB-00713,APP-0263,STG-0072,IV-009,2026-08-20,Yes,
FB-00714,APP-0263,STG-0073,IV-014,2026-08-24,No,Missing system design skills for frontend architecture
FB-00715,APP-0264,STG-0009,IV-009,2026-05-03,No,Commute concerns
FB-00716,APP-0265,STG-0009,IV-001,2026-05-12,Yes,
FB-00717,APP-0265,STG-0010,IV-001,2026-05-15,No,Location mismatch
FB-00718,APP-0266,STG-0009,IV-001,2026-05-16,Yes,
FB-00719,APP-0266,STG-0010,IV-003,2026-05-16,Yes,
FB-00720,APP-0266,STG-0011,IV-001,2026-05-19,No,Not good team fit
FB-00721,APP-0267,STG-0009,IV-003,2026-05-17,No,Commute concerns
FB-00722,APP-0268,STG-0009,IV-006,2026-04-28,Yes,
FB-00723,APP-0268,STG-0010,IV-002,2026-05-01,Yes,
FB-00724,APP-0268,STG-0011,IV-006,2026-05-05,No,Salary expectations misaligned
FB-00725,APP-0269,STG-0053,IV-001,2026-06-06,No,Location mismatch
FB-00726,APP-0270,STG-0053,IV-001,2026-05-11,No,Insufficient years of experience
FB-00727,APP-0271,STG-0053,IV-008,2026-05-08,Yes,
FB-00728,APP-0271,STG-0054,IV-001,2026-05-09,Yes,
FB-00729,APP-0271,STG-0055,IV-001,2026-05-09,Yes,
FB-00730,APP-0271,STG-0056,IV-011,2026-05-13,Yes,
FB-00731,APP-0271,STG-0057,IV-001,2026-05-14,No,Location mismatch
FB-00732,APP-0272,STG-0053,IV-001,2026-06-22,No,Location mismatch
FB-00733,APP-0273,STG-0053,IV-001,2026-06-17,Yes,
FB-00734,APP-0273,STG-0054,IV-009,2026-06-19,No,Failed coding bar
FB-00735,APP-0274,STG-0053,IV-009,2026-05-06,Yes,
FB-00736,APP-0274,STG-0054,IV-001,2026-05-09,Yes,
FB-00737,APP-0274,STG-0055,IV-001,2026-05-13,Yes,
FB-00738,APP-0274,STG-0056,IV-012,2026-05-15,No,Missing required skill
FB-00739,APP-0275,STG-0053,IV-001,2026-05-23,Yes,
FB-00740,APP-0275,STG-0054,IV-001,2026-05-24,Yes,
FB-00741,APP-0275,STG-0055,IV-009,2026-05-27,Yes,
FB-00742,APP-0275,STG-0056,IV-001,2026-05-29,Yes,
FB-00743,APP-0275,STG-0057,IV-001,2026-05-31,No,Location mismatch
FB-00744,APP-0276,STG-0053,IV-001,2026-06-28,Yes,
FB-00745,APP-0276,STG-0054,IV-014,2026-07-01,No,Failed coding bar
FB-00746,APP-0277,STG-0053,IV-001,2026-05-17,Yes,
FB-00747,APP-0277,STG-0054,IV-001,2026-05-20,No,Failed coding bar
FB-00748,APP-0278,STG-0053,IV-008,2026-06-21,Yes,
FB-00749,APP-0278,STG-0054,IV-009,2026-06-23,Yes,
FB-00750,APP-0278,STG-0055,IV-001,2026-06-28,Yes,
FB-00751,APP-0278,STG-0056,IV-001,2026-07-02,No,Not good team fit
FB-00752,APP-0279,STG-0026,IV-001,2026-05-03,No,Not good team fit
FB-00753,APP-0280,STG-0026,IV-001,2026-05-06,No,Failed coding bar
FB-00754,APP-0281,STG-0026,IV-001,2026-05-01,No,Failed coding bar
FB-00755,APP-0282,STG-0026,IV-002,2026-06-06,No,Not good team fit
FB-00756,APP-0283,STG-0026,IV-001,2026-06-12,No,Salary expectations misaligned
FB-00757,APP-0284,STG-0026,IV-001,2026-03-28,Yes,
FB-00758,APP-0284,STG-0027,IV-001,2026-03-29,Yes,
FB-00759,APP-0284,STG-0028,IV-006,2026-03-31,Yes,
FB-00760,APP-0284,STG-0029,IV-001,2026-04-01,Yes,
FB-00761,APP-0284,STG-0030,IV-001,2026-04-07,Yes,
FB-00762,APP-0284,STG-0031,IV-001,2026-04-10,Yes,
FB-00763,APP-0284,STG-0032,IV-009,2026-04-10,Yes,
FB-00764,APP-0284,STG-0033,IV-009,2026-04-11,No,Declined - accepted FAANG competing offer
FB-00765,APP-0285,STG-0026,IV-001,2026-04-28,Yes,
FB-00766,APP-0285,STG-0027,IV-001,2026-04-28,Yes,
FB-00767,APP-0285,STG-0028,IV-009,2026-05-03,No,Missing required skill
FB-00768,APP-0286,STG-0026,IV-002,2026-06-19,Yes,
FB-00769,APP-0286,STG-0027,IV-003,2026-06-21,No,Location mismatch
FB-00770,APP-0287,STG-0026,IV-001,2026-04-18,Yes,
FB-00771,APP-0287,STG-0027,IV-008,2026-04-18,No,Failed coding bar
FB-00772,APP-0288,STG-0026,IV-006,2026-05-18,No,Commute concerns
FB-00773,APP-0289,STG-0104,IV-001,2026-06-03,No,Insufficient years of experience
FB-00774,APP-0290,STG-0104,IV-018,2026-05-16,No,Insufficient years of experience
FB-00775,APP-0291,STG-0104,IV-008,2026-06-04,No,Failed coding bar
FB-00776,APP-0292,STG-0104,IV-009,2026-06-14,Yes,
FB-00777,APP-0292,STG-0105,IV-018,2026-06-17,No,Location mismatch
FB-00778,APP-0293,STG-0104,IV-018,2026-06-16,No,Failed coding bar
FB-00779,APP-0294,STG-0104,IV-001,2026-06-29,Yes,
FB-00780,APP-0294,STG-0105,IV-001,2026-07-02,No,Failed coding bar
FB-00781,APP-0295,STG-0104,IV-001,2026-06-11,Yes,
FB-00782,APP-0295,STG-0105,IV-016,2026-06-12,No,Failed coding bar
FB-00783,APP-0296,STG-0104,IV-018,2026-06-04,No,Failed coding bar
FB-00784,APP-0297,STG-0104,IV-001,2026-07-08,No,Too junior for role level
FB-00785,APP-0298,STG-0104,IV-001,2026-05-27,No,Location mismatch
FB-00786,APP-0299,STG-0104,IV-015,2026-05-30,Yes,
FB-00787,APP-0299,STG-0105,IV-015,2026-05-31,Yes,
FB-00788,APP-0299,STG-0106,IV-016,2026-06-04,No,Location mismatch
FB-00789,APP-0300,STG-0069,IV-001,2026-06-21,No,Failed coding bar
FB-00790,APP-0301,STG-0069,IV-014,2026-04-29,No,Missing required skill
FB-00791,APP-0302,STG-0069,IV-001,2026-04-28,No,Location mismatch
FB-00792,APP-0303,STG-0069,IV-009,2026-06-12,Yes,
FB-00793,APP-0303,STG-0070,IV-011,2026-06-13,No,Failed coding bar
FB-00794,APP-0304,STG-0069,IV-001,2026-05-23,No,Commute concerns
FB-00795,APP-0305,STG-0069,IV-014,2026-05-16,No,Salary expectations misaligned
FB-00796,APP-0306,STG-0069,IV-014,2026-06-14,No,Not good team fit
FB-00797,APP-0307,STG-0001,IV-001,2026-06-10,No,Too junior for role level
FB-00798,APP-0308,STG-0001,IV-006,2026-05-25,Yes,
FB-00799,APP-0308,STG-0002,IV-006,2026-05-27,Yes,
FB-00800,APP-0308,STG-0003,IV-005,2026-05-31,Yes,
FB-00801,APP-0308,STG-0004,IV-005,2026-06-04,No,Salary expectations misaligned
FB-00802,APP-0309,STG-0001,IV-001,2026-06-02,No,Too junior for role level
FB-00803,APP-0310,STG-0001,IV-001,2026-06-24,Yes,
FB-00804,APP-0310,STG-0002,IV-001,2026-06-25,No,Insufficient years of experience
FB-00805,APP-0311,STG-0001,IV-001,2026-07-09,No,Commute concerns
FB-00806,APP-0312,STG-0001,IV-001,2026-07-01,No,Failed coding bar
FB-00807,APP-0313,STG-0112,IV-017,2026-04-06,Yes,
FB-00808,APP-0313,STG-0113,IV-001,2026-04-07,Yes,
FB-00809,APP-0313,STG-0114,IV-016,2026-04-11,Yes,
FB-00810,APP-0313,STG-0115,IV-016,2026-04-15,No,Salary expectations misaligned
FB-00811,APP-0314,STG-0112,IV-018,2026-04-16,Yes,
FB-00812,APP-0314,STG-0113,IV-018,2026-04-19,No,Failed coding bar
FB-00813,APP-0315,STG-0112,IV-016,2026-05-28,No,Not good team fit
FB-00814,APP-0316,STG-0112,IV-001,2026-05-03,No,Not good team fit
FB-00815,APP-0317,STG-0112,IV-001,2026-05-27,Yes,
FB-00816,APP-0317,STG-0113,IV-001,2026-05-27,Yes,
FB-00817,APP-0317,STG-0114,IV-001,2026-05-27,Yes,
FB-00818,APP-0317,STG-0115,IV-001,2026-05-29,Yes,
FB-00819,APP-0317,STG-0116,IV-001,2026-05-30,No,Location mismatch
FB-00820,APP-0318,STG-0112,IV-018,2026-06-02,Yes,
FB-00821,APP-0318,STG-0113,IV-009,2026-06-05,Yes,
FB-00822,APP-0318,STG-0114,IV-001,2026-06-09,Yes,
FB-00823,APP-0318,STG-0115,IV-018,2026-06-09,No,Location mismatch
FB-00824,APP-0319,STG-0112,IV-001,2026-04-22,Yes,
FB-00825,APP-0319,STG-0113,IV-016,2026-04-22,Yes,
FB-00826,APP-0319,STG-0114,IV-008,2026-04-26,No,Failed coding bar
FB-00827,APP-0320,STG-0112,IV-015,2026-05-17,Yes,
FB-00828,APP-0320,STG-0113,IV-001,2026-05-17,No,Too junior for role level
FB-00829,APP-0321,STG-0112,IV-009,2026-04-23,Yes,
FB-00830,APP-0321,STG-0113,IV-001,2026-04-25,Yes,
FB-00831,APP-0321,STG-0114,IV-001,2026-04-27,No,Not good team fit
FB-00832,APP-0322,STG-0078,IV-001,2026-04-17,No,Not good team fit
FB-00833,APP-0323,STG-0078,IV-008,2026-03-24,Yes,
FB-00834,APP-0323,STG-0079,IV-010,2026-03-24,No,Too junior for role level
FB-00835,APP-0324,STG-0078,IV-001,2026-05-28,Yes,
FB-00836,APP-0324,STG-0079,IV-008,2026-05-29,No,Failed coding bar
FB-00837,APP-0325,STG-0078,IV-014,2026-03-17,Yes,
FB-00838,APP-0325,STG-0079,IV-010,2026-03-20,Yes,
FB-00839,APP-0325,STG-0080,IV-009,2026-03-25,No,Not good team fit
FB-00840,APP-0326,STG-0078,IV-001,2026-03-28,No,Location mismatch
FB-00841,APP-0327,STG-0017,IV-001,2026-06-20,Yes,
FB-00842,APP-0327,STG-0018,IV-009,2026-06-22,Yes,
FB-00843,APP-0327,STG-0019,IV-001,2026-06-26,Yes,
FB-00844,APP-0327,STG-0020,IV-005,2026-06-26,Yes,
FB-00845,APP-0327,STG-0021,IV-001,2026-07-03,No,Not good team fit
FB-00846,APP-0328,STG-0017,IV-004,2026-05-13,No,Commute concerns
FB-00847,APP-0329,STG-0017,IV-001,2026-05-23,Yes,
FB-00848,APP-0329,STG-0018,IV-002,2026-05-23,Yes,
FB-00849,APP-0329,STG-0019,IV-001,2026-05-24,Yes,
FB-00850,APP-0329,STG-0020,IV-001,2026-05-27,No,Insufficient years of experience
FB-00851,APP-0330,STG-0017,IV-001,2026-05-24,Yes,
FB-00852,APP-0330,STG-0018,IV-001,2026-05-25,Yes,
FB-00853,APP-0330,STG-0019,IV-001,2026-05-29,No,Too junior for role level
FB-00854,APP-0331,STG-0017,IV-008,2026-06-15,Yes,
FB-00855,APP-0331,STG-0018,IV-006,2026-06-17,Yes,
FB-00856,APP-0331,STG-0019,IV-001,2026-06-22,Yes,
FB-00857,APP-0331,STG-0020,IV-006,2026-06-22,Yes,
FB-00858,APP-0331,STG-0021,IV-001,2026-06-25,Yes,
FB-00859,APP-0331,STG-0022,IV-001,2026-06-25,Yes,
FB-00860,APP-0331,STG-0023,IV-001,2026-06-25,No,Insufficient years of experience
FB-00861,APP-0332,STG-0017,IV-001,2026-05-21,Yes,
FB-00862,APP-0332,STG-0018,IV-001,2026-05-24,No,Location mismatch
FB-00863,APP-0333,STG-0017,IV-002,2026-05-17,Yes,
FB-00864,APP-0333,STG-0018,IV-001,2026-05-18,No,Not good team fit
FB-00865,APP-0334,STG-0017,IV-001,2026-05-13,Yes,
FB-00866,APP-0334,STG-0018,IV-001,2026-05-14,Yes,
FB-00867,APP-0334,STG-0019,IV-001,2026-05-14,Yes,
FB-00868,APP-0334,STG-0020,IV-008,2026-05-14,Yes,
FB-00869,APP-0334,STG-0021,IV-005,2026-05-20,No,Failed coding bar
FB-00870,APP-0335,STG-0017,IV-001,2026-06-02,Yes,
FB-00871,APP-0335,STG-0018,IV-001,2026-06-03,Yes,
FB-00872,APP-0335,STG-0019,IV-008,2026-06-06,Yes,
FB-00873,APP-0335,STG-0020,IV-001,2026-06-08,No,Location mismatch
FB-00874,APP-0336,STG-0017,IV-001,2026-07-07,No,Location mismatch
FB-00875,APP-0337,STG-0017,IV-008,2026-05-12,No,Missing required skill
